Title, Price, ImgURL
Lenovo ThinkPad T490 14" Laptop (Latest Model) Core i7-10510U 10th Gen (1.80Ghz to 4.90Ghz) 512GB SSD 16GB RAM FHD 1080P Touch WiFi 6 AX 20RY0002US,$2629.52,https://m.media-amazon.com/images/I/518b9UG2TnL._AC_UL320_.jpg
Lenovo ThinkPad T490 20N2002AUS 14" Notebook - 1920 X 1080 - Core i7 i7-8565U - 8 GB RAM - 512 GB SSD - Glossy Black - Windows 10 Pro 64-bit - Intel UHD Graphics 620 - in-Plane Switching (IPS) Te,$2268.02,https://m.media-amazon.com/images/I/41wBeIamq9L._AC_UL320_.jpg
Lenovo Thinkpad T490 Laptop (20N2-0042US) Intel i7-8665U,$2538.88,https://m.media-amazon.com/images/I/51NPXtZa5kL._AC_UL320_.jpg
Lenovo ThinkPad T490 PC Laptop,$3652.10,https://m.media-amazon.com/images/I/51Txw8SCYiL._AC_UL320_.jpg
Lenovo Thinkpad T490 14" Full HD FHD (1920x1080) IPS Anti-Glare Business Laptop Intel Quad-Core i7-8565U,$3199.00,https://m.media-amazon.com/images/I/313e5Z6UPJL._AC_UL320_.jpg
Lenovo Thinkpad T490 Laptop (20N2-0028US) - 14-14.99 inches,$2199.99,https://m.media-amazon.com/images/I/61Nepr+fofL._AC_UL320_.jpg
Lenovo ThinkPad T490 Laptop | 14" FHD IPS Display | 1.9GHz Intel Core i7-8665U Quad-Core | 8GB | 256 SSD | WWAN SIM Port - Win10 Pro,$2626.61,https://m.media-amazon.com/images/I/51CXiFGFJ1L._AC_UL320_.jpg
Lenovo T490 Touch Screen Intel i5-8365U,$2999.00,https://m.media-amazon.com/images/I/51mq3ujQrrL._AC_UL320_.jpg
Lenovo IdeaPad S340 15.6" FHD Laptop - AMD Ryzen 7,$799.99,https://m.media-amazon.com/images/I/81RFrOD6KjL._AC_UL320_.jpg
Lenovo Laptop ThinkPad T490s Laptop 14'' Notebook - Touchscreen - 8th gen-Intel Core i7 CPU - 16GB DDR4 RAM - 256GB SSD (Renewed),$1399.00,https://m.media-amazon.com/images/I/61G1O0VRG3L._AC_UL320_.jpg
TS T490 i5 8G 256G W10P,$1981.81,https://m.media-amazon.com/images/I/51NPXtZa5kL._AC_UL320_.jpg
Lenovo ThinkPad T450s 14in Laptop,$459.99,https://m.media-amazon.com/images/I/81V2Sr49GPL._AC_UL320_.jpg
Lenovo ThinkPad T490 20N20008US 14" Notebook - 1366 X 768 - Core i5 I5-8265U - 8 GB RAM - 256 GB SSD - Glossy Black - Windows 10 Pro 64-bit - Intel UHD Graphics 620 - Twisted Nematic (TN) - Engli,$1954.87,https://m.media-amazon.com/images/I/51NPXtZa5kL._AC_UL320_.jpg
Lenovo Thinkpad T430 Business Laptop computer Intel i5-3320m up tp 3.3GHz,$339.00,https://m.media-amazon.com/images/I/51HCIODF-0L._AC_UL320_.jpg
Lenovo ThinkPad T450s 14in Laptop,$415.00,https://m.media-amazon.com/images/I/71diqmXvCVL._AC_UL320_.jpg
2019 Lenovo ThinkPad T470 14" IPS Full HD FHD (1920x1080) Business Laptop (Intel Core i5-6300U,$613.78,https://m.media-amazon.com/images/I/61xbDqLHU7L._AC_UL320_.jpg
Thinkpad T490s,$2577.86,https://m.media-amazon.com/images/I/618YLF2RUwL._AC_UL320_.jpg
Lenovo ThinkPad T490 14.0" FHD (1920x1080) 250 nits IPS Anti-Glare Display - Intel Core i5-8265U Processor,$3109.00,https://m.media-amazon.com/images/I/51mq3ujQrrL._AC_UL320_.jpg
Lenovo ThinkPad P53 Mobile Workstation 20QN001YUS - Intel Six Core i7-9750H,$3557.58,https://m.media-amazon.com/images/I/513hvuZnzXL._AC_UL320_.jpg
Lenovo ThinkPad X1 Carbon 7th Gen 14" Ultrabook - 1920 X 1080 - Core i7 i7-8565U - 16 GB RAM - 512 GB SSD - Windows 10 Pro 64-bit - Intel UHD Graphics 620 - in-Plane Switch,$1975.53,https://m.media-amazon.com/images/I/613v9VavCVL._AC_UL320_.jpg
Lenovo ThinkPad T590 20N4002SUS 15.6" Touchscreen Notebook - 1920 X 1080 - Core i7 i7-8665U - 16 GB RAM - 512 GB SSD - Windows 10 Pro 64-bit - Intel UHD Graphics 620 - in-Plane Switching (IPS) Te,$3073.46,https://m.media-amazon.com/images/I/61Ql15DfYqL._AC_UL320_.jpg
Lenovo ThinkPad T490s Laptop - 14" FHD IPS Display (IR CAM) - 1.9GHz Intel Core i7-8865U Quad-Core - 8GB - 256GB SSD - Windows10 pro,$3711.52,https://m.media-amazon.com/images/I/618VAQ-nW7L._AC_UL320_.jpg
Lenovo 20L5000UUS Thinkpad T480 20L5 14" Notebook - Windows - Intel Core i7 1.8 GHz - 8 GB RAM - 256 GB SSD,$3032.00,https://m.media-amazon.com/images/I/71DeTgqdY9L._AC_UL320_.jpg
Lenovo 20N2003PUS TS T490 i7 8GB 256GB W10P,$1558.99,https://m.media-amazon.com/images/I/51f15NpynfL._AC_UL320_.jpg
Lenovo ThinkPad P53s 20N6001UUS 15.6" Mobile Workstation - 1920 x 1080 - Core i7 i7-8565U - 16 GB RAM - 512 GB SSD - Glossy Black - Windows 10 Pro 64-bit - NVIDIA Quadro P520 with 2 GB - in-Plane,$3732.00,https://m.media-amazon.com/images/I/51yh-t8wIIL._AC_UL320_.jpg
2019 Newest Lenovo Thinkpad T480 14" HD Business Laptop (Intel Quad-Core i5-8250U,$2349.00,https://m.media-amazon.com/images/I/51sGz9faYSL._AC_UL320_.jpg
Lenovo ThinkPad T460 14in Notebook Intel Core I5-6200U up to 2.8G,$492.99,https://m.media-amazon.com/images/I/61u2kpg2FgL._AC_UL320_.jpg
Lenovo Chromebook Flex 5 13" Laptop,$512.84,https://m.media-amazon.com/images/I/61qIQqN3blS._AC_UL320_.jpg
2019 Lenovo Thinkpad T470 14" IPS Full HD FHD (1920x1080) Business Laptop (Intel Core i5-6300U,$1752.24,https://m.media-amazon.com/images/I/61ArlB1bUOL._AC_UL320_.jpg
Lenovo ThinkPad X390 Yoga 20NN0011US 13.3" Touchscreen 2 in 1 Notebook - 1920 X 1080 - Core i7 i7-8565U - 8 GB RAM - 256 GB SSD - Black - Windows 10 Pro 64-bit - Intel UHD Graphics 620 - in-Plane,$2308.38,https://m.media-amazon.com/images/I/71BMcYStMFL._AC_UL320_.jpg
Lenovo ThinkPad T490 20N20043US 14" Notebook - 1920 X 1080 - Core i5 i5-8365U - 16 GB RAM - 512 GB SSD - Glossy Black - Windows 10 Pro 64-bit - Intel UHD Graphics 620 - in-Plane Switching (IPS) T,$2671.70,https://m.media-amazon.com/images/I/51f15NpynfL._AC_UL320_.jpg
2020 Apple MacBook Pro with Apple M1 Chip (13-inch,$1799.99,https://m.media-amazon.com/images/I/71an9eiBxpL._AC_UL320_.jpg
Lenovo ThinkPad T490s Laptop (20NX-001WUS) Intel Core i7-8565U,$2546.89,https://m.media-amazon.com/images/I/61E1nM5S3CL._AC_UL320_.jpg
